Longitude,Latitude,Elevation (m),Altitude (m),Clutter height (m),Distance (m),PathLoss(db)
3.162865911,6.675081579,50,56,6,1,135
3.162865804,6.675090578,50,56,6,2,129
3.162865804,6.675090578,50,55,6,2,129
3.162865697,6.675099577,50,55,6,3,130
3.16286559,6.675108576,50,55,6,4,134
3.162865483,6.675117575,50,55,6,5,116
3.162856482,6.675117468,50,55,6,6,113
3.162856375,6.675126467,50,55,6,7,113
3.162856269,6.675135466,50,55,6,8,112
3.162856162,6.675144465,50,55,6,9,115
3.162856055,6.675153463,50,55,6,10,117
3.162846947,6.675162355,50,55,16,11,115
3.16284684,6.675171354,50,55,16,12,114
3.162846733,6.675180353,50,55,16,13,113
3.162846626,6.675189352,50,55,16,14,117
3.162837519,6.675198244,50,55,16,15,117
3.162837412,6.675207243,50,55,16,16,118
3.162828304,6.675216135,50,55,16,17,123
3.162828198,6.675225134,50,55,16,18,123
3.16281909,6.675234026,50,55,16,19,126
3.162818983,6.675243024,50,55,16,20,133
3.162809876,6.675251916,50,55,16,21,133
3.162800768,6.675260808,50,55,16,23,141
3.162791768,6.675260701,50,55,16,23,146
3.162791661,6.6752697,50,55,16,24,137
3.16278266,6.675269593,50,55,16,24,137
3.162773553,6.675278485,50,55,16,26,141
3.162764553,6.675278378,50,55,16,26,141
3.162755552,6.675278271,50,55,16,26,145
3.162746552,6.675278164,50,55,16,27,145
3.162737444,6.675287056,50,55,16,28,139
3.162728444,6.675286949,50,55,16,29,140
3.162719443,6.675286842,50,55,16,29,138
3.162710443,6.675286735,49,55,16,30,138
3.162701442,6.675286628,49,55,16,30,143
3.162692442,6.675286521,49,55,16,31,140
3.162683441,6.675286415,49,55,16,32,140
3.162674441,6.675286308,49,55,16,32,139
3.162665441,6.675286201,49,55,16,33,140
3.16265644,6.675286094,49,55,16,34,140
3.162647547,6.675276988,49,55,16,34,138
3.162629546,6.675276774,49,55,16,35,141
3.162620545,6.675276667,49,55,16,36,141
3.162611545,6.67527656,49,55,16,37,145
3.162602544,6.675276453,49,55,16,38,145
3.162593651,6.675267347,49,55,16,38,143
3.16258465,6.67526724,49,55,16,39,143
3.16257565,6.675267133,49,55,16,39,144
3.16256665,6.675267026,49,55,16,40,144
3.162557649,6.675266919,49,55,16,41,142
3.162539648,6.675266706,49,55,16,43,148
3.162530648,6.675266599,49,55,16,44,147
3.162521647,6.675266492,49,55,16,44,147
3.162521754,6.675257493,49,55,16,44,141
3.162512754,6.675257386,49,55,16,45,141
3.162503753,6.675257279,49,55,16,46,138
3.162494753,6.675257172,49,55,16,47,138
3.162485752,6.675257065,49,55,16,47,135
3.162476752,6.675256958,49,55,16,48,135
3.162458751,6.675256744,48,55,16,50,136
3.162449751,6.675256637,48,55,16,51,136
3.162440857,6.675247531,48,55,16,52,136
3.162431857,6.675247424,48,54,16,52,139
3.162422856,6.675247317,48,54,16,53,139
3.162413856,6.67524721,48,54,16,54,139
3.162404855,6.675247104,48,54,16,55,143
3.162395855,6.675246997,48,54,16,56,143
3.162386854,6.67524689,48,54,16,57,146
3.162377854,6.675246783,48,54,16,58,146
3.162368961,6.675237677,48,54,16,59,144
3.16235996,6.67523757,48,54,16,60,140
3.16235096,6.675237463,48,54,16,61,140
3.162341959,6.675237356,48,54,16,62,143
3.162332959,6.675237249,48,54,16,62,143
3.162324065,6.675228143,48,54,16,63,143
3.162306064,6.675227929,48,54,16,65,142
3.162297064,6.675227822,48,54,16,66,142
3.162297171,6.675218823,48,54,16,66,140
3.16228817,6.675218717,48,54,16,67,140
3.162279277,6.675209611,48,54,16,67,144
3.162279277,6.675209611,48,53,16,67,143
3.162270384,6.675200505,48,53,16,68,143
3.16226149,6.675191399,47,53,16,69,136
3.162252597,6.675182293,47,53,16,70,139
3.162252704,6.675173294,47,53,16,70,139
3.162252811,6.675164296,47,53,16,69,142
3.162252918,6.675155297,47,53,16,69,136
3.162244024,6.675146191,47,53,16,70,136
3.162244131,6.675137192,47,53,16,70,138
3.162244238,6.675128193,47,53,16,70,144
3.162244345,6.675119194,47,53,16,70,144
3.162244452,6.675110195,47,53,16,70,148
3.162235558,6.67510109,47,53,16,71,148
3.162235665,6.675092091,47,53,16,71,148
3.16224488,6.6750742,47,53,16,70,149
3.162244987,6.675065201,47,53,16,69,146
3.162245094,6.675056202,47,53,16,70,146
3.162245201,6.675047203,47,53,16,70,144
3.162245415,6.675029206,47,53,16,70,144
3.162245629,6.675011208,47,53,16,70,147
3.162245736,6.675002209,47,53,16,70,147
3.16224595,6.674984211,47,53,16,70,151
3.162246057,6.674975212,47,53,16,70,156
3.16224627,6.674957215,47,53,16,71,156
3.162246377,6.674948216,47,53,16,71,150
3.162255592,6.674930325,47,53,16,70,150
3.162255699,6.674921326,47,53,16,70,155
3.162255913,6.674903328,47,53,16,71,155
3.16225602,6.67489433,47,53,16,71,151
3.162256234,6.674876332,47,53,16,72,151
3.162265448,6.674858441,47,53,16,71,152
3.162265555,6.674849442,47,53,16,72,153
3.162265769,6.674831445,47,53,16,72,153
3.162265876,6.674822446,47,53,16,73,153
3.16226609,6.674804448,47,53,16,74,153
3.162266197,6.674795449,47,53,16,74,154
3.162275411,6.674777558,47,53,16,74,154
3.162275518,6.674768559,47,53,16,74,153
3.162275625,6.674759561,47,53,16,75,153
3.162275732,6.674750562,47,53,16,75,153
3.162275839,6.674741563,47,53,16,76,150
3.162276053,6.674723565,47,53,16,77,150
3.16227616,6.674714566,47,53,16,77,153
3.162276374,6.674696568,47,53,16,78,153
3.162285374,6.674696675,47,53,16,77,153
3.162285481,6.674687677,47,53,16,78,153
3.162285695,6.674669679,47,53,16,79,153
3.162285802,6.67466068,47,53,16,80,149
3.162286016,6.674642682,47,53,16,81,149
3.162286337,6.674615686,47,53,16,83,147
3.162286444,6.674606687,47,53,16,83,149
3.162295658,6.674588796,48,53,16,84,149
3.162295765,6.674579797,48,53,16,84,145
3.162295979,6.674561799,48,53,16,86,145
3.1622963,6.674534803,48,53,16,88,150
3.162296407,6.674525804,48,53,16,88,144
3.162305621,6.674507913,48,53,16,89,144
3.162305728,6.674498914,48,53,16,90,147
3.162305942,6.674480917,48,53,16,91,147
3.162306156,6.674462919,48,53,6,92,144
3.162306263,6.67445392,48,53,6,93,144
3.16230637,6.674444921,48,53,6,94,143
3.162315585,6.67442703,48,53,6,95,143
3.162315691,6.674418031,48,53,6,96,147
3.162315905,6.674400034,48,53,6,97,147
3.162316012,6.674391035,48,53,6,98,148
3.162316119,6.674382036,48,53,6,99,148
3.162316226,6.674373037,48,53,6,99,148
3.162316333,6.674364038,48,53,6,100,147
3.162325548,6.674346147,48,53,6,101,147
3.162325655,6.674337149,48,53,6,102,151
3.162325868,6.674319151,48,53,6,104,151
3.162325975,6.674310152,48,53,6,104,146
3.162326296,6.674283155,48,53,6,107,146
3.162335618,6.674256266,48,53,6,109,148
3.162335725,6.674247267,48,53,6,109,147
3.162335832,6.674238268,48,53,6,110,147
3.162335939,6.674229269,48,53,6,111,147
3.162336045,6.67422027,48,53,6,112,148
3.162336152,6.674211271,48,53,6,113,148
3.162336259,6.674202273,48,53,6,114,148
3.162345581,6.674175383,48,53,6,116,148
3.162345902,6.674148386,48,53,6,118,144
3.162346009,6.674139387,48,53,6,119,145
3.162346222,6.67412139,48,53,6,121,145
3.162346329,6.674112391,49,53,6,122,147
3.162355544,6.6740945,49,53,6,123,147
3.162355651,6.674085501,49,53,6,124,148
3.162355758,6.674076502,49,53,6,125,148
3.162355865,6.674067503,49,53,6,126,148
3.162355972,6.674058505,49,53,6,127,148
3.162356185,6.674040507,49,53,6,128,148
3.162356292,6.674031508,49,53,6,129,149
3.162356399,6.674022509,49,53,6,130,149
3.162356506,6.67401351,49,53,6,131,149
3.162356613,6.674004511,49,53,6,132,149
3.162365614,6.674004618,49,53,6,132,149
3.162365828,6.673986621,49,53,6,133,149
3.162365935,6.673977622,49,53,6,134,145
3.162366148,6.673959624,49,53,6,136,145
3.162366255,6.673950625,49,53,6,137,146
3.162366469,6.673932627,49,53,6,139,146
3.162366576,6.673923629,49,53,6,140,145
3.162375791,6.673905738,49,53,6,141,145
3.162375898,6.673896739,49,53,6,142,150
3.162376004,6.67388774,49,53,6,143,150
3.162376111,6.673878741,50,53,6,144,150
3.162376218,6.673869742,50,53,6,145,148
3.162376325,6.673860743,50,53,6,146,148
3.162376432,6.673851745,50,53,6,147,148
3.162376753,6.673824748,50,53,6,149,146
3.162385861,6.673815856,50,53,6,150,145
3.162386074,6.673797858,50,53,6,152,145
3.162386181,6.673788859,50,53,6,153,145
3.162386395,6.673770862,50,53,6,155,145
3.162386609,6.673752864,50,53,6,157,147
3.162386716,6.673743865,50,53,6,157,147
3.16239593,6.673725974,50,53,6,159,145
3.162396037,6.673716975,50,53,6,160,145
3.162396251,6.673698978,50,53,6,162,142
3.162396358,6.673689979,50,53,6,163,142
3.162396465,6.67368098,50,53,6,164,142
3.162396572,6.673671981,50,53,6,165,142
3.162396679,6.673662982,50,53,6,166,142
3.162405893,6.673645091,50,53,6,167,144
3.162406,6.673636093,50,53,6,168,144
3.162406214,6.673618095,50,53,6,170,149
3.162406321,6.673609096,50,53,6,171,150
3.162406428,6.673600097,50,53,6,172,150
3.162406535,6.673591098,50,53,6,173,150
3.162415642,6.673582206,50,53,6,174,147
3.162415963,6.67355521,51,53,16,176,147
3.16241607,6.673546211,51,53,16,177,158
3.162416177,6.673537212,51,53,16,178,158
3.162416284,6.673528213,51,53,16,179,151
3.162425498,6.673510322,51,53,6,181,151
3.162425605,6.673501323,51,53,6,182,150
3.162425712,6.673492325,51,53,6,183,150
3.162425926,6.673474327,51,53,6,185,150
3.162426247,6.67344733,51,53,6,188,154
3.162435247,6.673447437,51,53,6,187,145
3.162435461,6.673429439,51,53,6,189,145
3.162435568,6.67342044,51,53,6,190,148
3.162435675,6.673411442,51,53,6,191,148
3.162435889,6.673393444,51,53,6,193,148
3.162436103,6.673375446,51,53,6,195,147
3.162445103,6.673375553,51,53,6,195,147
3.16244521,6.673366554,51,53,6,196,147
3.162445317,6.673357555,51,53,6,197,143
3.162445531,6.673339558,51,53,6,199,143
3.162445852,6.673312561,51,53,6,202,150
3.162445959,6.673303562,51,53,6,203,147
3.162455173,6.673285671,51,53,6,204,147
3.16245528,6.673276672,51,53,6,205,150
3.162455387,6.673267674,51,53,6,206,150
3.162455601,6.673249676,51,53,6,208,150
3.162455815,6.673231678,51,53,6,210,150
3.162455922,6.673222679,52,53,6,211,150
3.162456029,6.67321368,52,53,6,212,147
3.162456243,6.673195683,52,53,6,214,147
3.162465243,6.67319579,52,53,6,214,147
3.16246535,6.673186791,52,53,6,215,147
3.162465564,6.673168793,52,53,6,217,147
3.162465671,6.673159794,52,53,6,218,152
3.162465885,6.673141796,52,53,6,220,152
3.162465992,6.673132797,52,53,6,221,151
3.162466099,6.673123799,52,53,6,222,151
3.162466205,6.6731148,52,53,6,223,151
3.162466312,6.673105801,52,53,6,224,151
3.16247542,6.673096909,52,53,6,224,155
3.162475527,6.67308791,52,53,6,225,155
3.162475634,6.673078911,52,53,6,226,155
3.162475847,6.673060913,52,53,6,228,153
3.162475954,6.673051915,52,53,6,229,151
3.162476275,6.673024918,52,53,6,232,151
3.162476382,6.673015919,52,53,6,233,151
3.162485596,6.672998028,52,53,6,235,151
3.162485917,6.672971032,52,53,6,238,147
3.162486131,6.672953034,52,54,6,240,142
3.162486238,6.672944035,52,54,6,241,142
3.162495559,6.672917145,53,54,6,244,146
3.162495773,6.672899148,53,54,6,245,145
3.16249588,6.672890149,53,54,6,246,150
3.162496094,6.672872151,53,54,6,248,150
3.162496308,6.672854153,53,54,6,250,150
3.162505415,6.672845261,53,54,6,251,150
3.162505629,6.672827264,53,54,6,253,148
3.162505736,6.672818265,53,54,6,254,148
3.16250595,6.672800267,53,54,6,256,149
3.162506057,6.672791268,53,54,6,257,155
3.162506164,6.672782269,53,54,6,258,155
3.162506271,6.67277327,53,54,6,259,155
3.162506378,6.672764272,53,54,6,260,150
3.162515378,6.672764378,53,54,6,260,150
3.162515592,6.672746381,53,54,6,262,150
3.162515699,6.672737382,53,54,6,263,147
3.162515806,6.672728383,53,54,6,264,147
3.162515913,6.672719384,53,54,6,265,146
3.162516019,6.672710385,53,54,6,266,146
3.162516126,6.672701386,53,54,6,267,146
3.162516233,6.672692387,53,54,6,268,143
3.16251634,6.672683389,53,54,6,269,143
3.162516447,6.67267439,53,54,6,270,152
3.162516661,6.672656392,53,54,6,272,152
3.162516768,6.672647393,53,54,6,273,148
3.162525982,6.672629502,53,54,6,275,148
3.162526089,6.672620503,53,54,6,276,143
3.162526303,6.672602506,53,54,6,278,143
3.16252641,6.672593507,53,54,6,279,148
3.162526624,6.672575509,53,54,6,281,148
3.162535945,6.672548619,53,54,6,283,147
3.162536266,6.672521623,53,54,6,286,147
3.162536587,6.672494626,53,54,6,289,144
3.162545801,6.672476735,53,54,6,291,142
3.162545908,6.672467736,53,54,6,292,142
3.162546122,6.672449739,53,54,6,294,147
3.162546229,6.67244074,54,54,6,295,144
3.162546442,6.672422742,54,54,6,297,144
3.162546549,6.672413743,54,54,6,298,144
3.162555764,6.672395852,54,54,6,300,144
3.16255587,6.672386854,54,54,6,301,147
3.162555977,6.672377855,54,54,6,302,147
3.162556084,6.672368856,54,54,6,303,147
3.162556405,6.672341859,54,54,6,306,142
3.162565512,6.672332967,54,54,6,307,148
3.162565619,6.672323968,54,54,6,308,148
3.162565726,6.67231497,54,54,6,309,147
3.16256594,6.672296972,54,54,6,311,147
3.162566154,6.672278974,54,54,6,313,150
3.162566261,6.672269975,54,54,6,314,153
3.162575475,6.672252084,54,54,6,316,153
3.162575582,6.672243085,54,54,6,317,147
3.162575689,6.672234087,54,54,6,318,147
3.162575796,6.672225088,54,54,6,319,148
3.16257601,6.67220709,55,54,6,321,148
3.162585224,6.672189199,55,54,6,322,142
3.162585331,6.6721802,55,54,6,323,147
3.162585438,6.672171201,55,54,6,324,147
3.162585545,6.672162203,55,54,6,325,155
3.162585759,6.672144205,55,54,6,327,155
3.162585972,6.672126207,55,54,6,329,147
3.162586079,6.672117208,55,54,6,330,149
3.162586186,6.672108209,55,54,6,331,149
3.162586293,6.67209921,55,54,6,332,151
3.162577507,6.672081106,55,54,6,334,149
3.162577613,6.672072107,55,54,6,335,152
3.16257772,6.672063108,55,54,6,336,153
3.162577827,6.672054109,55,54,6,337,153
3.162568934,6.672045003,55,54,6,339,154
3.16256004,6.672035898,55,54,6,340,154
3.162560147,6.672026899,55,54,6,341,154
3.162551147,6.672026792,55,54,6,341,127
3.162551254,6.672017793,55,54,6,342,127
3.162542253,6.672017686,55,54,6,342,130
3.162533253,6.672017579,55,54,6,342,127
3.16253336,6.67200858,55,54,6,343,127
3.16252436,6.672008473,55,54,6,343,127
3.162515359,6.672008367,55,54,6,343,127
3.162506359,6.67200826,55,54,6,343,141
3.162497358,6.672008153,55,54,6,343,138
3.162488358,6.672008046,55,54,6,344,132
3.162479358,6.672007939,55,54,6,344,132
3.162470357,6.672007832,55,54,6,344,130
3.162461357,6.672007725,55,54,6,344,130
3.162452356,6.672007618,55,54,6,344,130
3.162443249,6.67201651,54,54,6,343,133
3.162434249,6.672016403,54,54,6,343,133
3.162416248,6.672016189,54,54,6,344,134
3.16239814,6.672024975,54,54,6,343,132
3.16238914,6.672024868,54,54,6,343,136
3.162380139,6.672024761,54,54,6,343,136
3.162371139,6.672024654,54,54,6,344,146
3.162353138,6.67202444,54,54,6,344,146
3.162344031,6.672033332,54,54,6,343,148
3.162335031,6.672033225,54,54,6,343,148
3.16232603,6.672033118,54,54,6,344,144
3.162308029,6.672032904,54,54,6,344,144
3.162289922,6.672041689,53,54,6,343,150
3.162280921,6.672041583,53,54,6,344,140
3.162271921,6.672041476,53,54,6,344,140
3.162262921,6.672041369,53,54,6,344,140
3.16224492,6.672041155,53,54,6,344,141
3.162235919,6.672041048,53,54,6,345,145
3.162226919,6.672040941,53,54,6,345,145
3.162217812,6.672049833,53,54,6,344,145
3.162199811,6.672049619,53,54,6,344,146
3.162190811,6.672049512,53,54,6,345,149
3.16217281,6.672049299,53,54,6,345,149
3.162154702,6.672058084,53,54,6,345,150
3.162145702,6.672057977,53,54,6,345,153
3.162127701,6.672057763,52,54,6,345,153
3.162109593,6.672066548,52,54,6,345,153
3.162091592,6.672066334,52,53,6,345,152
3.162082592,6.672066227,52,53,6,346,155
3.162064484,6.672075012,52,53,6,345,155
3.162055484,6.672074905,52,53,6,346,153
3.162046484,6.672074798,52,53,6,346,153
3.162037483,6.672074691,52,53,6,346,153
3.162028483,6.672074585,52,53,6,346,153
3.162019482,6.672074478,52,53,6,347,153
3.162010482,6.672074371,52,53,6,347,153
3.162001482,6.672074264,52,53,6,347,153
3.161992481,6.672074157,52,53,6,348,150
3.161983481,6.67207405,52,53,6,348,150
3.16196548,6.672073836,52,53,6,348,151
3.16195648,6.672073729,52,53,6,349,151
3.161947479,6.672073622,52,53,6,349,151
3.161938479,6.672073515,52,53,6,349,151
3.161911478,6.672073195,52,53,6,350,131
3.161902477,6.672073088,52,53,6,351,128
3.161893477,6.672072981,52,53,6,351,128
3.161875476,6.672072767,51,53,6,352,131
3.161866476,6.67207266,51,53,6,352,145
3.161857476,6.672072553,51,53,6,352,141
3.161848475,6.672072446,51,53,6,353,141
3.161839475,6.672072339,51,53,6,353,142
3.161830474,6.672072232,51,53,6,353,142
3.161821474,6.672072126,51,53,6,354,142
3.161803473,6.672071912,51,53,6,354,142
3.161785473,6.672071698,51,53,6,355,148
3.161776472,6.672071591,51,53,6,355,148
3.161767472,6.672071484,51,53,6,356,148
3.161749364,6.672080269,51,53,6,355,150
3.161740364,6.672080162,51,53,6,356,151
3.161731363,6.672080055,51,53,6,356,151
3.161722363,6.672079948,51,53,6,356,150
3.161713256,6.67208884,51,53,6,356,150
3.161704255,6.672088733,51,53,6,356,146
3.161695255,6.672088626,51,53,6,357,146
3.161686254,6.67208852,51,53,6,357,153
3.161668147,6.672097305,51,53,6,357,153
3.161650146,6.672097091,51,53,6,358,151
3.161650039,6.67210609,51,53,6,357,147
3.161632038,6.672105876,51,53,6,358,147
3.161623038,6.672105769,51,53,6,358,147
3.161622931,6.672114768,51,53,6,357,147
3.16160493,6.672114554,51,53,6,358,147
3.161586823,6.672123339,51,52,6,358,131
3.161568822,6.672123125,51,52,6,359,131
3.161568715,6.672132124,51,52,6,358,131
3.161559714,6.672132017,51,52,6,358,134
3.161541607,6.672140802,51,52,6,358,134
3.161523499,6.672149587,50,52,6,358,136
3.161505391,6.672158372,50,52,6,358,137
3.161496391,6.672158265,50,52,6,358,128
3.161487284,6.672167157,50,52,6,358,128
3.161478283,6.67216705,50,52,6,358,128
3.161469176,6.672175942,50,52,6,358,130
3.161460069,6.672184834,50,52,6,357,125
3.161441961,6.672193619,50,52,6,357,125
3.161432854,6.672202511,50,52,6,357,131
3.161423746,6.672211403,50,52,6,357,131
3.161414746,6.672211296,50,52,6,357,129
3.161405639,6.672220188,50,52,6,357,129
3.161396638,6.672220081,50,52,6,357,129
3.161387531,6.672228973,50,52,6,357,129
3.161378424,6.672237865,50,52,6,356,129
3.161360316,6.67224665,50,52,6,356,141
3.161351209,6.672255542,50,52,6,356,141
3.161333101,6.672264327,50,52,6,356,140
3.161324101,6.67226422,50,52,6,356,139
3.161305886,6.672282004,50,52,6,356,139
3.161278671,6.672299681,50,52,6,356,142
3.161260563,6.672308466,50,52,6,356,144
3.161242349,6.672326249,50,52,6,355,142
3.161233348,6.672326142,50,52,6,356,147
3.161233241,6.672335141,50,52,6,355,147
3.161215134,6.672343926,50,52,6,355,147
3.161187919,6.672361603,49,52,6,355,147
3.161178811,6.672370495,49,52,6,354,151
3.161169811,6.672370388,49,52,6,355,151
3.161169704,6.672379387,49,52,6,354,151
3.161160703,6.67237928,49,52,6,355,147
3.161142489,6.672397064,49,52,6,354,147
3.161124381,6.672405849,49,51,6,354,144
3.161115274,6.672414741,49,51,6,354,149
3.161106166,6.672423633,49,51,6,354,149
3.161097166,6.672423526,49,51,6,354,149
3.161078951,6.67244131,49,51,4,354,147
3.161069951,6.672441203,49,51,4,354,147
3.161069844,6.672450202,49,51,4,354,147
3.161051736,6.672458987,49,51,4,354,147
3.161042736,6.67245888,49,51,4,355,150
3.161033629,6.672467771,49,51,4,354,150
3.161024628,6.672467665,49,51,4,355,154
3.161006414,6.672485448,49,51,4,355,154
3.160997413,6.672485341,49,51,4,355,154
3.160979199,6.672503125,48,51,4,355,154
3.160961091,6.67251191,48,51,4,355,154
3.160942983,6.672520695,48,51,4,356,155
3.160933876,6.672529587,48,51,4,355,155
3.160915661,6.672547371,48,51,4,355,157
3.160906661,6.672547264,48,51,4,356,158
3.160888553,6.672556049,48,51,4,356,158
3.160888446,6.672565048,48,51,4,355,158
3.160879446,6.672564941,48,51,4,356,158
3.160861231,6.672582725,48,51,4,356,158
3.160843123,6.67259151,48,51,4,356,142
3.160834016,6.672600402,48,52,4,356,142
3.160815908,6.672609186,48,52,4,357,136
3.160806908,6.67260908,48,52,4,357,136
3.160806801,6.672618078,48,52,4,356,134
3.160797694,6.67262697,48,52,4,356,134
3.160788693,6.672626863,48,52,4,357,134
3.160779693,6.672626756,48,52,4,358,134
3.160770586,6.672635648,48,52,4,358,134
3.160761478,6.67264454,48,52,4,358,134
3.160743371,6.672653325,48,52,4,358,149
3.160743264,6.672662324,48,52,4,357,150
3.160725156,6.672671109,48,51,4,358,150
3.160716156,6.672671002,48,51,4,359,150
3.160707048,6.672679894,48,51,4,359,149
3.160688941,6.672688679,47,51,4,359,149
3.160679833,6.672697571,47,51,4,359,151
3.160661725,6.672706356,47,51,4,360,151
3.160643511,6.672724139,47,51,4,360,154
3.16063451,6.672724033,47,51,4,360,154
3.160625403,6.672732924,47,51,6,360,153
3.160616296,6.672741816,47,51,6,360,153
3.160607295,6.672741709,47,51,6,361,150
3.160589081,6.672759493,47,51,6,361,150
3.160561866,6.67277717,47,52,6,362,150
3.160534758,6.672785848,47,52,6,363,154
3.160534651,6.672794847,47,52,6,363,154
3.16052565,6.67279474,47,52,6,363,154
3.160516543,6.672803632,47,52,6,363,154
3.160507542,6.672803525,47,52,6,364,154
3.160507436,6.672812524,47,52,6,363,154
3.160489328,6.672821309,47,52,6,364,154
3.160480327,6.672821202,47,52,6,365,132
3.160462113,6.672838985,47,52,6,365,132
3.160453112,6.672838878,47,52,6,366,134
3.160434898,6.672856662,47,51,6,366,134
3.160425897,6.672856555,47,51,6,367,132
3.16041679,6.672865447,47,51,6,367,132
3.16040779,6.67286534,47,51,6,368,132
3.160407683,6.672874339,47,51,6,367,132
3.160398682,6.672874232,47,51,6,368,132
3.160389575,6.672883124,47,51,6,368,132
3.160371467,6.672891909,47,51,6,369,149
3.160362467,6.672891802,47,51,6,369,149
3.160344252,6.672909586,47,51,6,370,148
3.160335252,6.672909479,47,51,6,370,148
3.160335145,6.672918478,47,51,6,370,145
3.160308037,6.672927156,47,51,6,371,145
3.160298929,6.672936047,47,51,6,372,144
3.160289822,6.672944939,47,51,6,372,144
3.160280822,6.672944832,47,51,6,373,150
3.160262607,6.672962616,47,51,6,373,150
3.160253607,6.672962509,47,51,6,374,147
3.160244499,6.672971401,47,51,6,374,147
3.160235499,6.672971294,47,51,6,375,147
3.160235392,6.672980293,47,51,6,374,145
3.160208284,6.672988971,47,51,6,376,145
3.160190069,6.673006755,47,51,6,376,146
3.160171961,6.673015539,47,51,6,377,146
3.160162854,6.673024431,47,51,6,377,146
3.160144746,6.673033216,47,51,6,378,150
3.160135639,6.673042108,47,51,6,379,145
3.160117531,6.673050893,47,51,6,380,145
3.160108424,6.673059785,47,51,6,380,147
3.160099317,6.673068677,47,51,6,380,147
3.160090316,6.67306857,47,51,6,381,147
3.160081209,6.673077462,47,51,6,381,147
3.160072101,6.673086354,47,51,6,381,147
3.160063101,6.673086247,47,51,6,382,153
3.160053994,6.673095138,47,51,6,382,153
3.160044993,6.673095031,47,51,6,383,153
3.160044886,6.67310403,47,51,6,383,153
3.160026779,6.673112815,47,51,6,384,153
3.160017778,6.673112708,47,51,6,385,153
3.159999671,6.673121493,47,51,6,386,153
3.159999564,6.673130492,47,51,6,385,157
3.159981456,6.673139277,47,51,6,386,157
3.159972455,6.67313917,47,51,6,387,157
3.159963348,6.673148062,47,51,6,387,157
3.159954241,6.673156954,47,51,6,388,153
3.159945133,6.673165846,47,51,6,388,153
3.159936133,6.673165739,47,51,6,389,155
3.159927026,6.67317463,47,51,6,389,155
3.159918025,6.673174523,47,51,6,390,155
3.159908918,6.673183415,47,51,6,390,155
3.159899811,6.673192307,47,51,6,391,130
3.159890703,6.673201199,47,51,6,391,127
3.159881703,6.673201092,47,51,6,392,127
3.159881596,6.673210091,47,51,6,391,127
3.159872596,6.673209984,47,51,6,392,132
3.159863488,6.673218876,47,51,6,393,132
3.159863381,6.673227875,47,51,6,392,132
3.159854274,6.673236766,47,51,6,392,146
3.159845273,6.673236659,47,51,6,393,146
3.159845166,6.673245658,47,51,6,393,146
3.159836059,6.67325455,47,51,6,393,144
3.159835952,6.673263549,47,51,6,393,144
3.159826952,6.673263442,47,51,6,393,145
3.159826845,6.673272441,47,51,6,393,145
3.159826631,6.673290438,47,51,6,392,144
3.159826524,6.673299437,47,51,6,391,146
3.159826417,6.673308436,47,51,6,391,141
3.15982631,6.673317435,47,51,6,390,141
3.159835203,6.673326541,47,51,6,389,152
3.159835096,6.67333554,47,51,6,389,148
3.15984399,6.673344645,47,51,6,387,148
3.159852883,6.673353751,47,51,6,386,143
3.159852669,6.673371749,47,51,6,385,147
3.159861669,6.673371856,47,51,6,384,144
3.159870563,6.673380962,47,51,6,383,144
3.159879349,6.673399066,47,51,6,381,150
3.159888243,6.673408172,47,51,6,380,154
3.159888136,6.673417171,47,51,6,379,147
3.159897029,6.673426277,47,51,6,378,147
3.159905815,6.673444381,47,51,6,376,151
3.159923602,6.673462593,47,51,6,373,151
3.159932389,6.673480697,47,51,6,371,156
3.159941175,6.673498802,47,51,6,370,149
3.159950068,6.673507908,47,51,6,368,147
3.159958962,6.673517014,47,50,6,367,147
3.159958855,6.673526013,47,50,6,366,149
3.159967748,6.673535118,47,50,6,365,149
3.159967641,6.673544117,47,50,6,365,149
3.159976534,6.673553223,47,50,6,363,148
3.159985428,6.673562329,47,50,6,362,148
3.159985321,6.673571328,47,50,6,361,153
3.159994107,6.673589432,47,50,6,360,153
3.160002894,6.673607537,47,50,6,358,146
3.160011787,6.673616643,47,50,6,356,150
3.16001168,6.673625641,47,50,6,356,150
3.160020573,6.673634747,47,50,6,355,148
3.160029467,6.673643853,47,50,6,353,148
3.16002936,6.673652852,47,50,6,353,148
3.160047147,6.673671064,47,50,6,350,144
3.16004704,6.673680062,47,50,6,350,144
3.160055933,6.673689168,47,50,6,348,144
3.160055826,6.673698167,47,50,6,348,145
3.160064612,6.673716272,47,50,6,346,145
3.160073506,6.673725377,47,50,6,345,148
3.160082399,6.673734483,47,50,6,344,148
3.160091293,6.673743589,47,50,6,342,150
3.160100079,6.673761694,47,50,6,341,150
3.160099972,6.673770692,47,50,6,340,151
3.160108758,6.673788797,47,50,6,338,151
3.160117759,6.673788904,47,50,6,338,151
3.160126545,6.673807009,47,50,6,336,151
3.160126438,6.673816008,47,50,6,335,147
3.160135332,6.673825113,47,50,6,334,147
3.160153118,6.673843325,47,50,6,331,145
3.160153011,6.673852324,47,50,6,331,145
3.160161905,6.67386143,47,50,6,330,144
3.160170798,6.673870535,47,50,6,328,144
3.160170691,6.673879534,47,50,6,328,144
3.160188478,6.673897746,47,50,6,325,148
3.160188371,6.673906745,47,50,6,325,149
3.160197157,6.673924849,47,50,6,323,149
3.160214944,6.673943061,47,50,6,321,152
3.160214837,6.67395206,47,50,6,320,153
3.160232624,6.673970271,47,50,6,318,153
3.160232517,6.67397927,47,50,6,317,153
3.16024141,6.673988376,47,50,6,316,153
3.160241303,6.673997375,47,50,6,316,153
3.160250197,6.674006481,46,50,6,314,155
3.160258983,6.674024585,46,50,6,313,155
3.160258876,6.674033584,46,50,6,312,152
3.16026777,6.67404269,46,50,6,311,152
3.160276663,6.674051796,46,50,6,310,144
3.160285449,6.6740699,46,50,6,308,144
3.160285342,6.674078899,46,50,6,308,149
3.160303129,6.674097111,46,50,6,305,149
3.160303022,6.67410611,46,50,6,305,148
3.160311916,6.674115215,46,50,6,304,148
3.160311809,6.674124214,46,50,6,303,148
3.160320809,6.674124321,46,50,6,302,144
3.160329595,6.674142426,46,50,6,301,144
3.160329489,6.674151425,46,50,6,300,148
3.160338275,6.674169529,46,50,6,299,148
3.160347168,6.674178635,46,50,6,297,146
3.160356062,6.674187741,46,50,6,296,146
3.160364848,6.674205846,46,50,6,295,146
3.160364741,6.674214844,46,50,6,294,146
3.160373742,6.674214951,46,50,6,293,145
3.160382528,6.674233056,46,50,6,292,145
3.160391207,6.67426016,46,50,6,290,148
3.160400208,6.674260267,46,50,6,289,152
3.160399994,6.674278264,46,50,6,288,152
3.160408994,6.674278371,46,50,6,287,152
3.160408887,6.67428737,46,50,6,287,153
3.160417674,6.674305475,46,50,6,286,153
3.160426674,6.674305582,46,50,6,285,147
3.16043546,6.674323686,46,50,6,283,147
3.160435353,6.674332685,46,50,6,283,156
3.16045314,6.674350897,46,50,6,280,156
3.160461927,6.674369001,46,50,6,279,147
3.16046182,6.674378,46,50,6,279,146
3.160470713,6.674387106,46,50,6,277,146
3.160479499,6.674405211,46,50,6,276,149
3.1604885,6.674405318,46,50,6,275,149
3.160488393,6.674414316,46,50,6,275,145
3.160497179,6.674432421,46,50,6,273,145
3.16050618,6.674432528,46,50,6,272,144
3.160514966,6.674450633,46,50,6,271,144
3.160514859,6.674459632,46,50,6,270,148
3.160523753,6.674468737,46,50,6,269,148
3.160523646,6.674477736,46,50,6,269,148
3.160532539,6.674486842,46,50,6,268,144
3.160532432,6.674495841,46,50,6,268,144
3.160541432,6.674495948,46,50,6,267,147
3.160541325,6.674504947,46,50,6,266,147
3.160550219,6.674514052,46,50,6,265,147
3.160550112,6.674523051,46,50,6,265,148
3.160550005,6.67453205,46,50,6,265,148
3.160558898,6.674541156,46,50,6,264,148
3.160567578,6.674568259,46,50,6,262,145
3.160576578,6.674568366,46,50,6,261,154
3.160585364,6.674586471,46,50,6,260,154
3.160585257,6.67459547,46,50,6,259,146
3.160594044,6.674613575,46,50,6,258,146
3.16060283,6.674631679,46,50,6,257,149
3.160602723,6.674640678,46,50,6,256,152
3.160602616,6.674649677,46,50,6,256,152
3.160602509,6.674658676,46,50,6,256,152
3.160611403,6.674667782,46,50,6,255,153
3.160611296,6.67467678,46,50,6,255,153
3.160611189,6.674685779,46,50,6,255,149
3.160619975,6.674703884,46,50,6,253,149
3.160619868,6.674712883,46,50,6,253,149
3.160619654,6.67473088,46,50,6,253,149
3.160628334,6.674757984,46,50,6,252,148
3.160628227,6.674766983,46,50,6,251,142
3.160628013,6.67478498,46,50,6,251,142
3.160627906,6.674793979,46,50,6,251,146
3.160627692,6.674811977,46,50,6,251,146
3.160636585,6.674821083,46,50,6,250,151
3.160636478,6.674830082,46,50,6,250,151
3.160636371,6.67483908,46,50,6,250,151
3.16063605,6.674866077,46,50,6,249,150
3.160635729,6.674893073,46,50,6,249,154
3.160635515,6.674911071,46,50,6,249,154
3.160635408,6.67492007,46,51,6,249,156
3.160635087,6.674947066,46,51,6,249,156
3.160634766,6.674974063,46,51,6,249,151
3.160634659,6.674983062,46,51,6,249,151
3.160634445,6.675001059,46,51,6,249,151
3.160634231,6.675019057,46,51,6,249,147
3.160634017,6.675037055,46,51,6,249,147
3.16063391,6.675046054,46,51,6,248,152
3.160633696,6.675064051,46,51,6,249,152
3.160633589,6.67507305,46,51,6,249,154
3.160633482,6.675082049,46,51,6,249,154
3.160633268,6.675100047,46,51,6,249,154
3.160633054,6.675118044,46,51,6,249,153
3.160632947,6.675127043,46,51,6,249,153
3.160623625,6.675153933,46,51,6,250,153
3.160623518,6.675162932,46,51,6,250,151
3.160623304,6.675180929,46,51,6,250,151
3.16062309,6.675198927,46,51,6,250,151
3.160622876,6.675216925,46,51,6,250,151
3.160622769,6.675225923,46,51,6,250,148
3.160622555,6.675243921,46,51,6,250,148
3.160622448,6.67525292,46,51,6,251,152
3.160622341,6.675261919,46,51,6,251,152
3.160622234,6.675270918,46,51,6,251,152
3.160622127,6.675279916,46,51,6,251,150
3.160621806,6.675306913,46,51,6,251,150
3.160621485,6.675333909,46,51,6,252,156
3.160621378,6.675342908,46,51,6,252,154
3.160621164,6.675360906,46,51,4,252,154
3.160621057,6.675369905,46,51,4,252,151
3.160620843,6.675387903,46,51,4,252,151
3.160620736,6.675396901,46,51,4,253,149
3.160620522,6.675414899,46,51,4,253,149
3.160620415,6.675423898,46,51,4,253,152
3.160620094,6.675450894,46,51,4,254,152
3.160619987,6.675459893,46,51,4,254,147
3.16061988,6.675468892,46,51,4,254,147
3.160619773,6.675477891,46,51,4,254,147
3.160619666,6.67548689,46,51,4,254,154
3.160619452,6.675504887,46,51,4,255,154
3.160619238,6.675522885,46,51,4,255,154
3.160619131,6.675531884,46,51,4,255,154
3.160619024,6.675540883,46,51,4,256,153
3.160618703,6.675567879,47,51,4,256,153
3.160618382,6.675594876,47,51,4,257,151
3.160618275,6.675603875,47,51,4,257,153
3.160618061,6.675621872,47,51,4,258,153
3.160617954,6.675630871,47,51,4,258,148
3.160617847,6.67563987,47,51,4,258,148
3.160617633,6.675657868,47,51,4,259,148
3.160617419,6.675675865,47,51,4,259,149
3.160617312,6.675684864,47,51,4,259,151
3.160616991,6.675711861,47,51,4,260,151
3.160616884,6.67572086,47,51,4,261,151
3.16061667,6.675738857,47,51,4,261,151
3.160616563,6.675747856,47,51,4,261,149
3.160616242,6.675774853,47,51,4,262,149
3.160616135,6.675783851,47,51,4,263,155
3.160615921,6.675801849,47,51,4,263,155
3.160615814,6.675810848,47,51,6,264,152
3.1606156,6.675828846,47,51,6,264,152
3.160615493,6.675837844,47,51,6,265,150
3.160615279,6.675855842,47,51,6,265,150
3.160615065,6.67587384,48,51,6,266,150
3.160614851,6.675891837,48,51,6,267,150
3.160614637,6.675909835,48,51,6,267,144
3.16061453,6.675918834,48,51,6,268,145
3.160614316,6.675936832,48,51,6,268,145
3.160614209,6.67594583,48,51,6,269,145
3.160613888,6.675972827,48,52,6,270,144
3.160613781,6.675981826,48,52,6,270,145
3.160613566,6.675999823,48,52,6,271,145
3.160613459,6.676008822,48,52,6,272,147
3.160613245,6.67602682,48,52,6,272,147
3.160613138,6.676035819,48,52,6,273,148
3.160612924,6.676053816,48,52,6,274,148
3.160612817,6.676062815,48,52,6,274,145
3.160612603,6.676080813,48,52,6,275,145
3.160612496,6.676089812,48,52,6,275,148
3.160612282,6.67610781,48,52,6,276,148
3.160612175,6.676116808,48,52,6,276,148
3.160611961,6.676134806,48,52,6,277,148
3.16061164,6.676161803,48,52,6,279,150
3.160611533,6.676170801,48,52,6,279,153
3.160611319,6.676188799,48,52,6,280,153
3.160611212,6.676197798,48,52,6,280,154
3.160610998,6.676215796,48,52,6,281,154
3.160610891,6.676224794,48,52,6,282,150
3.160610677,6.676242792,48,52,6,283,150
3.16061057,6.676251791,48,52,6,283,154
3.160610356,6.676269789,48,52,6,284,154
3.160610249,6.676278787,48,52,6,285,158
3.160610035,6.676296785,48,52,6,286,158
3.160609928,6.676305784,48,52,6,286,154
3.160609714,6.676323782,48,52,6,287,154
3.160609607,6.67633278,48,52,6,288,154
3.160609286,6.676359777,48,52,6,289,154
3.160609072,6.676377775,48,52,6,290,151
3.160608965,6.676386773,48,52,6,291,151
3.160608858,6.676395772,48,52,6,291,151
3.160608644,6.67641377,48,52,6,292,151
3.160608536,6.676422769,48,52,6,293,146
3.160608322,6.676440766,48,52,6,294,146
3.160608215,6.676449765,49,52,6,294,146
3.160608108,6.676458764,49,52,6,295,146
3.160608001,6.676467763,49,52,6,295,146
3.160607894,6.676476762,49,52,6,296,151
3.160607573,6.676503758,49,52,6,298,151
3.160598573,6.676503651,49,52,6,298,151
3.160598252,6.676530648,49,52,6,300,151
3.160598145,6.676539647,49,52,6,301,151
3.160597931,6.676557644,49,52,6,302,151
3.160597824,6.676566643,49,52,6,302,154
3.160597717,6.676575642,49,52,6,303,154
3.16059761,6.676584641,49,52,6,303,154
3.160597288,6.676611637,49,52,6,305,153
3.160597181,6.676620636,49,52,6,306,153
3.160596967,6.676638634,49,52,6,307,153
3.16059686,6.676647633,49,52,6,307,153
3.160596753,6.676656632,49,52,6,308,153
3.160596646,6.67666563,49,52,6,309,149
3.160596432,6.676683628,49,52,6,310,149
3.160596325,6.676692627,49,52,6,310,144
3.160596111,6.676710625,49,52,16,312,144
3.160596004,6.676719623,49,52,16,312,147
3.160595897,6.676728622,49,52,16,313,147
3.16059579,6.676737621,49,52,16,313,145
3.160595576,6.676755619,49,52,16,315,145
3.160604362,6.676773723,49,53,16,315,145
3.160604255,6.676782722,49,53,16,316,148
3.160604148,6.676791721,49,53,16,316,148
3.160604041,6.67680072,49,53,16,317,151
3.160594827,6.676818611,49,53,16,319,151
3.16059472,6.676827609,49,53,16,319,153
3.160594613,6.676836608,49,53,16,320,156
3.160603292,6.676863712,49,53,16,321,156
3.160603185,6.676872711,49,53,16,322,154
3.160593971,6.676890601,49,53,16,324,143
3.160584863,6.676899493,49,53,16,325,143
3.160584756,6.676908492,49,53,16,326,143
3.160575542,6.676926383,49,53,6,328,143
3.160566434,6.676935274,49,53,6,329,142
3.160557434,6.676935167,49,53,6,330,142
3.160548433,6.67693506,49,53,6,331,140
3.160539433,6.676934953,49,53,6,332,140
3.160230698,6.67413225,46,51,6,311,129
3.160221912,6.674114146,46,51,6,313,124
3.160204232,6.674086935,46,51,6,316,124
3.160186552,6.674059725,46,51,6,319,124
3.160168872,6.674032514,46,51,6,322,124
3.1601513,6.673996305,47,51,6,325,124
3.160133513,6.673978093,47,51,6,328,124
3.160124619,6.673968988,47,51,6,329,125
3.160124726,6.673959989,47,51,6,329,125
3.16011594,6.673941884,47,51,6,331,125
3.160107154,6.67392378,47,51,6,333,125
3.160089367,6.673905568,47,51,6,335,125
3.160071687,6.673878357,47,51,6,338,125
3.160054114,6.673842148,47,51,6,342,125
3.160036327,6.673823937,47,51,6,344,125
3.160027648,6.673796833,47,51,6,346,125
3.159992288,6.673742412,47,50,6,352,125
3.159992395,6.673733413,47,50,6,353,125
3.159983395,6.673733306,47,50,6,354,127
3.159983609,6.673715309,47,50,6,354,127
3.159974609,6.673715202,47,50,6,355,127
3.159974716,6.673706203,47,50,6,356,127
3.159965822,6.673697097,47,50,6,357,132
3.159956929,6.673687991,47,50,6,358,132
3.159948142,6.673669887,47,50,6,360,130
3.159939249,6.673660781,47,50,6,362,130
3.159939356,6.673651782,47,50,6,362,130
3.159930463,6.673642676,47,50,6,363,128
3.15993057,6.673633678,47,50,6,364,128
3.159921569,6.673633571,47,50,6,365,128
3.159921783,6.673615573,47,50,6,365,128
3.159912783,6.673615466,47,50,6,366,128
3.15991289,6.673606467,47,50,6,367,139
3.15990389,6.67360636,47,50,6,368,139
3.159903996,6.673597361,47,50,6,368,139
3.159895103,6.673588256,47,50,6,369,139
3.15989521,6.673579257,47,50,6,370,149
3.159886424,6.673561152,47,50,6,372,149
3.159877423,6.673561045,47,50,6,373,149
3.15987753,6.673552046,47,50,6,373,144
3.159868744,6.673533942,47,50,6,375,144
3.159851064,6.673506731,47,50,6,378,147
3.159842171,6.673497625,47,50,6,379,144
3.159842385,6.673479628,47,50,6,380,144
3.159833384,6.673479521,47,50,6,381,147
3.159824705,6.673452417,47,50,6,383,147
3.159815705,6.67345231,47,50,6,384,147
3.159806918,6.673434206,47,50,6,386,147
3.159807025,6.673425207,47,50,6,387,149
3.159798239,6.673407102,47,50,6,388,149
3.159789345,6.673397997,47,50,6,390,146
3.159780559,6.673379892,47,50,6,391,146
3.159771666,6.673370786,47,50,6,393,144
3.159762879,6.673352681,47,50,6,395,144
3.159762986,6.673343683,47,50,6,395,149
3.159745199,6.673325471,47,50,6,398,149
3.159745306,6.673316472,47,50,6,398,146
3.15973652,6.673298368,47,50,6,400,146
3.15972752,6.673298261,47,50,6,401,151
3.15971884,6.673271157,46,50,6,403,151
3.159718947,6.673262158,46,50,6,404,147
3.159701161,6.673243947,46,50,6,407,147
3.159683481,6.673216736,46,50,6,410,147
3.159674694,6.673198632,46,50,6,412,147
3.159674801,6.673189633,46,50,6,412,147
3.159665801,6.673189526,46,50,6,413,140
3.159657122,6.673162423,46,50,6,415,140
3.159648228,6.673153317,46,50,6,417,144
3.159639442,6.673135212,46,50,6,419,144
3.159630548,6.673126106,46,50,6,420,145
3.159621869,6.673099003,46,50,6,422,145
3.159612869,6.673098896,46,50,6,423,149
3.159595189,6.673071686,46,50,6,427,149
3.159595296,6.673062687,46,50,6,427,145
3.159586403,6.673053581,46,50,6,428,145
3.15958651,6.673044582,46,50,6,429,145
3.159577616,6.673035476,46,50,6,430,154
3.159559829,6.673017265,46,50,6,433,154
3.159559936,6.673008266,46,50,6,434,145
3.15955115,6.672990161,46,50,6,435,145
3.159542257,6.672981055,46,50,6,437,145
3.159542364,6.672972057,46,50,6,437,144
3.159524577,6.672953845,46,50,6,440,144
3.159524684,6.672944846,46,50,6,441,147
3.159506897,6.672926635,46,50,6,443,147
3.159498111,6.67290853,46,50,6,445,148
3.159498218,6.672899531,46,50,6,446,148
3.159489324,6.672890425,46,50,6,447,148
3.159489431,6.672881427,46,50,6,448,147
3.159471752,6.672854216,46,50,6,451,147
3.159454072,6.672827006,46,50,6,454,148
3.159445179,6.6728179,46,50,6,456,142
3.159436499,6.672790797,46,50,6,458,142
3.159427499,6.67279069,46,50,6,459,142
3.159418819,6.672763586,46,50,6,461,142
3.159409926,6.67275448,46,50,6,463,146
3.15940114,6.672736376,46,50,6,465,146
3.159392246,6.67272727,46,50,6,466,146
3.159383567,6.672700167,46,50,6,469,146
3.159374674,6.672691061,46,50,6,470,148
3.159356994,6.67266385,46,50,6,473,148
3.159339314,6.67263664,46,50,6,477,147
3.159330421,6.672627534,46,50,6,478,148
3.159330635,6.672609537,46,50,6,479,148
3.159321741,6.672600431,46,50,6,481,148
3.159312848,6.672591325,46,50,6,482,150
3.159312955,6.672582326,46,50,6,483,150
3.159303955,6.672582219,46,50,6,483,150
3.159304062,6.67257322,46,50,6,484,150
3.159286382,6.67254601,46,50,6,487,150
3.159286489,6.672537011,46,50,6,488,147
3.159268702,6.6725188,45,50,6,491,147
3.159268809,6.672509801,45,50,6,491,147
3.159260023,6.672491696,45,50,6,493,147
3.159251129,6.67248259,45,50,6,495,145
3.159233343,6.672464379,45,50,6,497,145
3.15923345,6.67245538,45,50,6,498,142
3.15921577,6.67242817,45,50,6,501,142
3.159215877,6.672419171,45,50,6,502,143
3.15919809,6.672400959,45,50,6,505,143
3.159198197,6.672391961,45,50,6,505,145
3.159189411,6.672373856,45,50,6,507,145
3.159180517,6.67236475,45,50,6,509,145
3.159162838,6.67233754,45,50,6,512,150
3.159154051,6.672319435,45,50,6,514,147
3.159145158,6.672310329,45,50,6,515,147
3.159145265,6.672301331,45,50,6,516,154
3.159127585,6.67227412,45,50,6,519,154
3.159109905,6.67224691,45,50,6,523,146
3.159101119,6.672228805,45,50,6,525,151
3.159092333,6.672210701,45,50,6,527,151
3.159083439,6.672201595,45,50,6,528,144
3.159074653,6.67218349,46,50,6,530,144
3.15906576,6.672174384,46,50,6,532,149
3.159056973,6.67215628,46,50,6,534,149
3.15904808,6.672147174,46,50,6,535,148
3.1590394,6.672120071,46,50,6,538,148
3.1590304,6.672119964,46,50,6,538,146
3.159021614,6.672101859,46,50,6,540,146
3.15901272,6.672092753,46,50,6,542,146
3.159012827,6.672083755,46,50,6,542,146
3.158995041,6.672065543,46,50,6,545,146
3.158995148,6.672056544,46,50,6,546,151
3.158986254,6.672047438,46,50,6,547,151
3.158977468,6.672029334,46,50,6,549,151
3.158959681,6.672011122,46,50,6,552,147
3.158959788,6.672002123,46,50,6,553,149
3.158951002,6.671984019,46,50,6,555,149
3.158942109,6.671974913,46,50,6,556,149
3.158924322,6.671956702,46,50,6,559,149
3.158924429,6.671947703,46,50,6,559,146
3.158906535,6.67193849,46,50,6,562,146
3.158906642,6.671929491,46,50,6,562,150
3.158888748,6.671920278,46,50,6,564,150
3.158879748,6.671920171,47,50,6,565,149
3.158870855,6.671911066,47,50,6,567,149
3.158861961,6.67190196,47,50,6,568,149
3.158852961,6.671901853,47,50,6,569,156
3.158844068,6.671892747,47,50,6,570,156
3.158844175,6.671883748,47,50,6,571,159
3.158835174,6.671883641,47,50,6,572,159
3.158826281,6.671874536,47,50,6,573,159
3.15880828,6.671874322,47,50,6,575,153
3.158799387,6.671865216,47,50,6,576,153
3.158781386,6.671865002,47,50,6,578,153
3.158772386,6.671864895,47,50,6,578,147
3.158754385,6.671864681,47,50,6,580,147
3.158736385,6.671864467,47,50,6,582,155
3.158709277,6.671873145,47,50,6,583,153
3.158700169,6.671882037,47,50,6,584,147
3.158691169,6.67188193,47,50,6,584,147
3.158682169,6.671881823,47,50,6,585,150
3.158673061,6.671890715,47,50,6,585,150
3.158663954,6.671899607,47,50,6,586,153
3.158654847,6.671908498,47,50,6,586,153
3.158645847,6.671908391,47,50,6,587,154
3.158627739,6.671917176,47,50,6,588,154
3.158618739,6.671917069,47,50,6,588,147
3.158618632,6.671926068,47,50,6,588,147
3.158609631,6.671925961,47,50,6,589,147
3.158591524,6.671934746,47,50,6,590,150
3.158582416,6.671943638,47,50,6,590,152
3.158564309,6.671952423,47,50,6,591,152
3.158546308,6.671952209,47,50,6,593,150
3.158546201,6.671961208,47,50,6,592,153
3.1585282,6.671960994,47,50,6,594,153
3.1585192,6.671960887,47,50,6,594,151
3.1585102,6.67196078,47,50,6,595,151
3.158501199,6.671960673,47,50,6,596,151
3.158483199,6.671960459,47,50,6,598,151
3.158456091,6.671969137,47,50,6,600,143
3.15843809,6.671968923,47,50,6,601,137
3.15842909,6.671968816,47,50,6,602,137
3.158402089,6.671968495,47,50,6,605,142
3.158402089,6.671968495,47,49,6,605,145
3.158384088,6.671968281,47,49,6,606,145
3.158375088,6.671968174,47,49,6,607,145
3.158366088,6.671968067,47,49,6,608,145
3.158348087,6.671967853,48,49,6,610,145
3.158321086,6.671967532,48,49,6,612,147
3.158312086,6.671967425,48,49,6,613,147
3.158294192,6.671958212,48,49,6,615,147
3.158276191,6.671957998,48,49,6,617,150
3.158267191,6.671957891,48,49,6,618,150
3.158258191,6.671957784,48,49,6,618,148
3.15824019,6.67195757,48,49,6,620,148
3.15823119,6.671957464,48,49,6,621,148
3.158213296,6.671948251,48,49,6,623,148
3.158204296,6.671948144,48,49,6,624,147
3.158186295,6.67194793,48,49,6,626,147
3.158177295,6.671947823,48,49,6,627,149
3.158168294,6.671947716,48,49,6,627,149
3.158159401,6.67193861,48,49,6,629,149
3.158150401,6.671938503,48,49,6,630,144
3.1581324,6.671938289,48,49,6,631,144
3.1581234,6.671938182,48,49,6,632,143
3.158105506,6.671928969,48,49,6,634,143
3.158105613,6.671919971,48,49,6,635,143
3.158096613,6.671919864,48,49,6,636,140
3.15808772,6.671910758,48,49,6,637,140
3.158078719,6.671910651,48,49,6,638,147
3.158060826,6.671901438,48,50,6,640,147
3.158060933,6.671892439,48,50,6,641,154
3.158043039,6.671883227,48,50,6,643,154
3.158034039,6.67188312,48,50,6,644,149
3.158025252,6.671865015,48,50,6,646,149
3.158016359,6.671855909,48,50,6,647,152
3.157998465,6.671846696,48,50,6,649,152
3.157998572,6.671837698,48,50,6,650,151
3.157980786,6.671819486,48,50,6,653,151
3.157971892,6.67181038,48,50,6,654,147
3.157962999,6.671801275,48,50,6,655,147
3.157953999,6.671801168,48,50,6,656,150
3.157945212,6.671783063,48,50,6,658,150
3.157936212,6.671782956,48,50,6,659,149
3.157927426,6.671764851,48,50,6,661,149
3.157927533,6.671755853,48,50,6,661,149
3.157918533,6.671755746,48,50,6,662,148
3.157900746,6.671737534,48,50,6,665,148
3.157900853,6.671728535,48,50,6,666,151
3.157883066,6.671710324,48,50,6,668,151
3.157874173,6.671701218,48,50,6,670,148
3.15787428,6.671692219,48,50,6,670,148
3.157865387,6.671683113,48,50,6,672,148
3.157856386,6.671683006,48,50,6,673,151
3.157847493,6.671673901,48,50,6,674,151
3.1578476,6.671664902,48,50,6,674,151
3.1578386,6.671664795,48,50,6,675,150
3.157820813,6.671646583,49,50,6,678,150
3.15782092,6.671637585,49,50,6,679,156
3.15781192,6.671637478,49,50,6,679,156
3.157803133,6.671619373,49,50,6,681,156
3.15779424,6.671610267,49,50,6,683,142
3.157785347,6.671601161,49,50,6,684,142
3.157785454,6.671592163,49,50,6,685,144
3.157767667,6.671573951,49,50,6,687,144
3.157749881,6.67155574,49,50,6,690,146
3.157749988,6.671546741,49,50,6,691,146
3.157732201,6.671528529,49,50,6,694,146
3.157714414,6.671510318,49,50,6,696,148
3.157705521,6.671501212,49,50,6,698,148
3.157696628,6.671492106,49,50,6,699,148
3.157696735,6.671483107,49,50,6,700,143
3.157687948,6.671465003,49,50,6,702,143
3.157679055,6.671455897,49,51,6,703,142
3.157679162,6.671446898,49,51,6,704,142
3.157670269,6.671437792,49,51,6,705,147
3.157670483,6.671419795,49,51,6,706,147
3.157661804,6.671392692,49,51,6,709,142
3.157653124,6.671365588,49,51,6,711,141
3.157644231,6.671356482,49,51,6,713,141
3.157644338,6.671347484,49,51,6,713,141
3.157644445,6.671338485,49,51,6,714,141
3.157644659,6.671320487,49,51,6,715,141
3.157644766,6.671311488,49,51,6,715,139
3.157645087,6.671284492,49,51,6,717,139
3.157645408,6.671257496,49,51,6,719,138
3.157654515,6.671248604,49,51,6,719,145
3.157654729,6.671230606,49,51,6,720,145
3.157654836,6.671221608,49,51,6,720,145
3.157655157,6.671194611,49,51,6,722,145
3.157655478,6.671167615,49,51,6,724,150
3.157655799,6.671140618,49,51,6,726,150
3.157655906,6.67113162,49,51,6,726,150
3.15766512,6.671113729,49,51,6,727,150
3.157665334,6.671095731,49,51,6,728,153
3.157665441,6.671086733,49,51,6,729,153
3.157665548,6.671077734,49,51,6,729,153
3.157665762,6.671059736,49,52,6,730,152
3.157665869,6.671050737,49,52,6,731,152
3.15767487,6.671050844,49,52,6,730,151
3.157675084,6.671032847,49,52,6,731,151
3.157675191,6.671023848,49,52,6,732,150
3.157684405,6.671005957,49,52,6,732,150
3.157684512,6.670996959,49,52,6,733,149
3.157684619,6.67098796,49,52,6,734,149
3.157693726,6.670979068,49,52,6,733,149
3.157693833,6.670970069,49,52,6,734,143
3.157703047,6.670952179,49,52,6,734,143
3.157712262,6.670934288,49,52,6,735,148
3.157721262,6.670934395,49,52,6,734,145
3.157730476,6.670916504,49,52,6,735,145
3.157739584,6.670907613,49,52,6,734,146
3.157739691,6.670898614,49,52,6,735,146
3.157748798,6.670889722,49,52,6,735,146
3.157757905,6.67088083,49,52,6,735,146
3.157758012,6.670871831,49,52,6,735,146
3.157767119,6.67086294,49,52,6,735,150
3.15777612,6.670863047,49,52,6,734,150
3.157776227,6.670854048,49,52,6,735,150
3.157785334,6.670845156,49,52,6,735,151
3.157794441,6.670836264,49,52,6,735,151
3.157794548,6.670827265,49,52,6,735,151
3.157812656,6.67081848,49,52,6,734,151
3.157812763,6.670809482,49,52,6,735,151
3.15782187,6.67080059,49,52,6,735,151
3.157830977,6.670791698,49,52,6,735,151
3.157831084,6.670782699,49,52,6,735,151
3.157840085,6.670782806,49,52,6,735,151
3.157840192,6.670773807,50,52,6,735,147
3.157849299,6.670764916,50,52,6,735,147
3.157858406,6.670756024,50,52,6,735,151
3.157858513,6.670747025,50,52,6,736,151
3.15786762,6.670738133,50,52,6,736,147
3.157867834,6.670720135,50,52,6,737,147
3.157876835,6.670720242,50,52,6,736,154
3.157877049,6.670702245,50,52,6,737,154
3.157877156,6.670693246,50,52,6,738,148
3.157877263,6.670684247,50,52,6,739,148
3.157877477,6.67066625,50,52,6,740,148
3.15787769,6.670648252,50,52,6,741,148
3.157886691,6.670648359,50,52,6,741,148
3.157886798,6.67063936,50,52,6,741,155
3.157877904,6.670630254,50,53,6,743,155
3.157878011,6.670621256,50,53,6,743,158
3.157878118,6.670612257,50,53,6,744,158
3.157869225,6.670603151,50,53,6,745,150
3.157869332,6.670594152,50,53,6,746,150
3.157851545,6.670575941,50,53,6,749,152
3.157851652,6.670566942,50,53,6,750,144
3.157842759,6.670557836,50,53,6,751,144
3.157833973,6.670539732,50,53,6,753,152
3.157825186,6.670521627,50,53,6,755,151
3.157816186,6.67052152,50,53,6,756,151
3.1578074,6.670503416,50,53,6,758,151
3.157798507,6.67049431,50,53,6,759,156
3.157798614,6.670485311,50,53,6,760,149
3.157780827,6.6704671,50,53,6,763,149
3.157772041,6.670448995,50,53,6,765,148
3.15776304,6.670448888,50,53,6,766,150
3.157754254,6.670430784,50,53,6,768,150
3.157754361,6.670421785,50,53,6,768,148
3.157736467,6.670412572,50,53,6,770,148
3.157736574,6.670403573,50,53,6,771,145
3.157727681,6.670394467,50,53,6,773,145
3.157727788,6.670385469,50,53,6,773,149
3.157710001,6.670367257,51,53,6,776,149
3.157710108,6.670358258,51,53,6,777,145
3.157692215,6.670349046,51,53,6,779,145
3.157683428,6.670330941,51,53,6,781,148
3.157674535,6.670321835,51,53,6,782,148
3.157665749,6.670303731,51,53,6,784,150
3.157656856,6.670294625,51,53,6,786,158
3.157647962,6.670285519,51,53,6,787,158
3.157648069,6.670276521,51,53,6,788,159
3.157630283,6.670258309,51,53,6,791,159
3.15763039,6.67024931,51,53,6,791,151
3.157621496,6.670240204,51,53,6,793,151
3.157612603,6.670231099,51,53,6,794,151
3.157603817,6.670212994,51,53,6,796,151
3.157594923,6.670203888,51,53,6,798,153
3.15759503,6.67019489,51,53,6,798,153
3.157586137,6.670185784,51,53,6,800,153
3.15756835,6.670167572,51,53,6,803,149
3.157559564,6.670149468,51,53,6,805,149
3.157550671,6.670140362,51,53,6,806,149
3.157550778,6.670131363,51,53,6,807,150
3.157532991,6.670113152,51,53,6,810,150
3.157515312,6.670085942,51,53,6,813,147
3.157506525,6.670067837,51,53,6,815,146
3.157497525,6.67006773,51,53,6,816,148
3.157488846,6.670040627,51,53,6,819,148
3.157470952,6.670031414,51,53,6,821,153
3.157471059,6.670022415,51,53,6,822,153
3.157471166,6.670013416,51,53,6,822,153
3.157462166,6.670013309,51,53,6,823,154
3.157453379,6.669995205,51,53,6,825,154
3.157453486,6.669986206,51,53,6,826,154
3.1574357,6.669967995,51,54,6,829,150
3.1574267,6.669967888,51,54,6,829,155
3.15741802,6.669940784,51,54,6,832,155
3.15740902,6.669940677,51,54,6,833,154
3.157400341,6.669913574,51,54,6,836,154
3.15739134,6.669913467,51,54,6,836,154
3.157382447,6.669904361,51,54,6,838,154
3.157382554,6.669895363,51,54,6,838,154
3.157373661,6.669886257,51,54,6,840,154
3.157364874,6.669868152,51,54,6,842,154
3.157347088,6.669849941,51,54,6,845,142
3.157347195,6.669840942,51,54,6,845,142
3.157338195,6.669840835,51,54,6,846,141
3.157329408,6.669822731,51,54,6,848,141
3.157320515,6.669813625,51,54,6,850,138
3.157311729,6.66979552,51,54,6,852,138
3.157302835,6.669786414,51,54,6,853,141
3.157293942,6.669777309,51,54,6,855,141
3.157294049,6.66976831,51,54,6,855,141
3.157285049,6.669768203,51,54,6,856,141
3.157276263,6.669750098,51,54,6,858,141
3.157276369,6.6697411,51,54,6,859,144
3.157267369,6.669740993,51,54,6,859,144
3.157258583,6.669722888,51,54,6,862,144
3.157240903,6.669695678,51,54,6,865,144
3.157232117,6.669677573,51,54,6,867,147
3.157223117,6.669677466,51,54,6,868,149
3.157214437,6.669650363,51,54,6,871,149
3.157205437,6.669650256,51,54,6,871,145
3.157196651,6.669632152,51,54,6,874,145
3.157178971,6.669604941,51,54,6,877,142
3.157179078,6.669595943,51,54,6,878,141
3.157170185,6.669586837,51,54,6,879,141
3.157161292,6.669577731,51,54,6,881,141
3.157152505,6.669559627,51,54,6,883,144
3.157143612,6.669550521,51,54,6,884,142
3.157134826,6.669532416,51,54,6,886,142
3.157125932,6.669523311,50,54,6,888,147
3.157126146,6.669505313,50,54,6,889,147
3.157117146,6.669505206,50,54,6,890,148
3.15710836,6.669487101,50,54,6,892,148
3.157108467,6.669478103,50,54,6,892,143
3.157099574,6.669468997,50,54,6,894,143
3.15709068,6.669459891,50,54,6,895,143
3.157090787,6.669450892,50,54,6,896,143
3.157081894,6.669441787,50,54,6,897,143
3.157082001,6.669432788,50,54,6,898,143
3.157064214,6.669414576,50,54,6,901,150
3.157064321,6.669405578,50,54,6,902,153
3.157055535,6.669387473,50,54,6,904,153
3.157046535,6.669387366,50,54,6,904,153
3.157037749,6.669369262,50,54,6,907,153
3.157028855,6.669360156,50,54,6,908,148
3.157020069,6.669342051,50,54,6,910,148
3.157020176,6.669333053,50,54,6,911,155
3.157002389,6.669314841,50,55,6,914,155
3.156984603,6.66929663,50,55,6,916,153
3.15698471,6.669287631,50,55,6,917,155
3.156966923,6.669269419,50,55,6,920,155
3.156949244,6.669242209,49,55,6,923,154
3.156940457,6.669224105,49,55,6,926,159
3.156931457,6.669223998,49,55,6,926,159
3.156931564,6.669214999,49,55,6,927,154
3.156913778,6.669196787,49,55,6,930,154
3.156896098,6.669169577,49,55,6,933,151
3.156878311,6.669151366,49,55,6,936,153
3.156869525,6.669133261,49,55,6,938,153
3.156860632,6.669124155,49,55,6,940,153
3.156842952,6.669096945,49,55,6,943,155
3.156834059,6.669087839,49,55,6,945,158
3.156825273,6.669069735,49,55,6,947,158
3.156816379,6.669060629,49,55,6,948,151
3.156807593,6.669042525,49,55,6,950,151
3.1567987,6.669033419,48,55,6,952,157
3.156789914,6.669015314,48,55,6,954,157
3.156780913,6.669015207,48,55,6,954,154
3.156772127,6.668997103,48,55,6,957,154
3.156763234,6.668987997,48,55,6,958,157
3.156745447,6.668969786,48,55,6,961,157
3.156745554,6.668960787,48,55,6,962,152
3.156736768,6.668942682,48,55,6,964,152
3.156719088,6.668915472,48,55,6,967,151
3.156701195,6.66890626,48,55,6,969,159
3.156701302,6.668897261,48,55,6,970,159
3.156701409,6.668888262,48,55,6,971,159
3.156683622,6.668870051,48,55,6,974,156
3.156674729,6.668860945,48,55,6,975,154
3.156665943,6.66884284,48,55,6,977,154
3.156648263,6.66881563,48,55,6,981,154
3.156639477,6.668797526,48,55,6,983,156
3.156630477,6.668797419,48,55,6,983,156
3.15662169,6.668779314,48,55,6,986,153
3.156621797,6.668770315,48,55,6,986,153
3.156612904,6.66876121,48,55,6,988,153
3.156603904,6.668761103,48,55,6,988,153
3.156604011,6.668752104,48,55,6,989,153
3.156604118,6.668743105,48,55,6,990,127
3.156595118,6.668742998,48,55,6,990,127
3.156586224,6.668733892,48,55,6,992,127
3.156586331,6.668724894,48,55,6,993,127
3.156577438,6.668715788,48,55,6,994,127
3.156568652,6.668697683,48,55,6,996,127
3.156550972,6.668670473,48,55,6,1000,153
3.156542079,6.668661367,48,55,6,1001,154
3.156533186,6.668652262,48,55,6,1002,154
3.156533293,6.668643263,48,55,6,1003,154
3.156524399,6.668634157,48,55,6,1005,150
3.156515506,6.668625051,48,55,6,1006,150
3.15650672,6.668606947,48,55,6,1008,150
3.156497827,6.668597841,48,55,6,1010,150
3.156497933,6.668588842,48,55,6,1010,143
3.156480147,6.668570631,48,55,6,1013,143
3.156480254,6.668561632,48,55,6,1014,140
3.15646236,6.66855242,48,55,6,1016,140
3.156462467,6.668543421,48,55,6,1017,140
3.156453681,6.668525316,48,55,6,1019,146
3.156444788,6.668516211,48,55,6,1020,141
3.156436002,6.668498106,48,55,6,1022,141
3.156427001,6.668497999,48,55,6,1023,144
3.156418215,6.668479895,48,55,6,1025,144
3.156409322,6.668470789,48,55,6,1027,141
3.156400536,6.668452684,48,55,6,1029,141
3.156391642,6.668443579,48,55,6,1030,142
3.156382856,6.668425474,48,55,6,1032,142
3.15636507,6.668407263,48,55,6,1035,148
3.156365176,6.668398264,48,55,6,1036,147
3.156347283,6.668389051,48,55,6,1038,147
3.15634739,6.668380052,48,55,6,1039,143
3.156338604,6.668361948,48,55,6,1041,143
3.156329603,6.668361841,48,55,6,1041,145
3.15632971,6.668352842,48,55,6,1042,145
3.156320924,6.668334738,48,55,6,1044,145
3.156312031,6.668325632,48,55,6,1046,147
3.156303138,6.668316526,48,55,6,1047,147
3.156285351,6.668298315,48,55,6,1050,150
3.156285458,6.668289316,48,55,6,1051,145
3.156276672,6.668271212,48,55,6,1053,145
3.156267779,6.668262106,48,55,6,1054,148
3.156258992,6.668244001,48,55,6,1056,148
3.156250099,6.668234896,48,55,6,1058,151
3.156241206,6.66822579,48,55,6,1059,151
3.156241313,6.668216791,48,55,6,1060,152
3.156223526,6.66819858,48,55,6,1063,152
3.156223633,6.668189581,48,55,6,1063,149
3.15621474,6.668180475,48,55,6,1065,149
3.156205847,6.668171369,48,55,6,1066,145
3.15619706,6.668153265,48,55,6,1068,145
3.156188167,6.668144159,48,55,6,1070,142
3.156179381,6.668126055,48,55,6,1072,142
3.156170381,6.668125948,48,55,6,1072,139
3.156161594,6.668107843,48,55,6,1075,139
3.156143808,6.668089632,48,55,6,1077,139
3.156143915,6.668080633,48,55,6,1078,142
3.156135129,6.668062529,48,55,6,1080,142
3.156126235,6.668053423,48,55,6,1082,143
3.156117449,6.668035318,48,55,6,1084,143
3.156099663,6.668017107,48,55,6,1087,143
3.156090876,6.667999002,48,55,6,1089,147
3.156081983,6.667989897,48,55,6,1090,147
3.156073197,6.667971792,48,55,6,1092,147
3.156055517,6.667944582,48,55,6,1096,149
3.156046731,6.667926478,48,55,6,1098,141
3.156037838,6.667917372,48,55,6,1099,141
3.156029052,6.667899267,48,55,6,1102,141
3.156020158,6.667890162,48,55,6,1103,148
3.156020265,6.667881163,48,55,6,1104,148
3.156011265,6.667881056,48,55,6,1104,144
3.156002586,6.667853953,48,55,6,1107,144
3.155984799,6.667835741,48,55,6,1110,151
3.155984906,6.667826742,48,55,6,1111,152
3.15597612,6.667808638,48,55,6,1113,152
3.155967334,6.667790533,48,55,6,1115,147
3.155967441,6.667781535,48,55,6,1116,154
3.155958654,6.66776343,48,55,6,1118,154
3.155949654,6.667763323,48,55,6,1119,145
3.155940868,6.667745219,48,55,6,1121,145
3.155940975,6.66773622,48,55,6,1121,143
3.155932189,6.667718116,48,55,6,1124,143
3.155932403,6.667700118,48,55,6,1125,142
3.155923509,6.667691012,48,55,6,1126,141
3.155923616,6.667682014,48,55,6,1127,141
3.155923723,6.667673015,48,55,6,1128,136
3.155923937,6.667655017,47,55,6,1129,136
3.155933151,6.667637127,47,55,6,1130,141
3.155933365,6.667619129,47,55,6,1131,145
3.155942366,6.667619236,47,55,6,1131,145
3.155942473,6.667610237,47,55,6,1132,144
3.155942579,6.667601239,47,55,6,1132,144
3.15595158,6.667601346,47,55,6,1132,144
3.155960687,6.667592454,47,55,6,1132,148
3.155960794,6.667583455,47,55,6,1132,144
3.155969901,6.667574563,47,55,6,1132,144
3.155978901,6.66757467,47,55,6,1132,142
3.155987901,6.667574777,47,55,6,1131,142
3.155996902,6.667574884,47,55,6,1130,144
3.156005902,6.667574991,47,55,6,1130,144
3.156014902,6.667575098,47,55,6,1129,151
3.156023902,6.667575205,47,55,6,1128,151
3.156032902,6.667575312,47,55,6,1128,147
3.156033009,6.667566313,47,55,6,1128,147
3.15604201,6.66756642,47,55,6,1128,153
